[{"model": "contenttypes.contenttype", "pk": 1, "fields": {"app_label": "admin", "model": "logentry"}}, {"model": "contenttypes.contenttype", "pk": 2, "fields": {"app_label": "auth", "model": "permission"}}, {"model": "contenttypes.contenttype", "pk": 3, "fields": {"app_label": "auth", "model": "group"}}, {"model": "contenttypes.contenttype", "pk": 4, "fields": {"app_label": "contenttypes", "model": "contenttype"}}, {"model": "contenttypes.contenttype", "pk": 5, "fields": {"app_label": "sessions", "model": "session"}}, {"model": "contenttypes.contenttype", "pk": 6, "fields": {"app_label": "sites", "model": "site"}}, {"model": "contenttypes.contenttype", "pk": 7, "fields": {"app_label": "corsheaders", "model": "corsmodel"}}, {"model": "contenttypes.contenttype", "pk": 8, "fields": {"app_label": "authtoken", "model": "token"}}, {"model": "contenttypes.contenttype", "pk": 9, "fields": {"app_label": "tfoosball", "model": "exphistorylegacy"}}, {"model": "contenttypes.contenttype", "pk": 10, "fields": {"app_label": "tfoosball", "model": "matchlegacy"}}, {"model": "contenttypes.contenttype", "pk": 11, "fields": {"app_label": "tfoosball", "model": "player"}}, {"model": "contenttypes.contenttype", "pk": 12, "fields": {"app_label": "account", "model": "emailconfirmation"}}, {"model": "contenttypes.contenttype", "pk": 13, "fields": {"app_label": "account", "model": "emailaddress"}}, {"model": "contenttypes.contenttype", "pk": 14, "fields": {"app_label": "socialaccount", "model": "socialtoken"}}, {"model": "contenttypes.contenttype", "pk": 15, "fields": {"app_label": "socialaccount", "model": "socialaccount"}}, {"model": "contenttypes.contenttype", "pk": 16, "fields": {"app_label": "socialaccount", "model": "socialapp"}}, {"model": "contenttypes.contenttype", "pk": 17, "fields": {"app_label": "tfoosball", "model": "exphistory"}}, {"model": "contenttypes.contenttype", "pk": 18, "fields": {"app_label": "tfoosball", "model": "member"}}, {"model": "contenttypes.contenttype", "pk": 19, "fields": {"app_label": "tfoosball", "model": "match"}}, {"model": "contenttypes.contenttype", "pk": 20, "fields": {"app_label": "tfoosball", "model": "team"}}, {"model": "sessions.session", "pk": "7okva0tzv569sbdp0gavri6vbd8unv1r", "fields": {"session_data": "ZGViMzRmMDE5OWQ3ZWYxMTg5NDU4MDBmZDdkYTA1Mzg3MjFkNzE1ZTp7Il9hdXRoX3VzZXJfYmFja2VuZCI6ImRqYW5nby5jb250cmliLmF1dGguYmFja2VuZHMuTW9kZWxCYWNrZW5kIiwiX2F1dGhfdXNlcl9oYXNoIjoiMzg0YzgzY2ViMjA3NWVmOTYyOWM1YzY4NGE0NmE4ODA3YWZmNGI3MyIsIl9hdXRoX3VzZXJfaWQiOiIxIn0=", "expire_date": "2016-12-25T18:36:00.342Z"}}, {"model": "sessions.session", "pk": "g3k3ybjnh9b55iy5gu78oe66ng3jayoo", "fields": {"session_data": "OGMzYzc3OWJjOGU5MjYzYzRhNWUyZTc1YzYwZTc3OGM1NWI5NWU1Mjp7Il9hdXRoX3VzZXJfaWQiOiIxIiwiX2F1dGhfdXNlcl9oYXNoIjoiMzg0YzgzY2ViMjA3NWVmOTYyOWM1YzY4NGE0NmE4ODA3YWZmNGI3MyIsIl9hdXRoX3VzZXJfYmFja2VuZCI6ImRqYW5nby5jb250cmliLmF1dGguYmFja2VuZHMuTW9kZWxCYWNrZW5kIn0=", "expire_date": "2017-02-28T21:23:48.684Z"}}, {"model": "sites.site", "pk": 1, "fields": {"domain": "http://localhost:8000/", "name": "localhost"}}, {"model": "tfoosball.team", "pk": 4, "fields": {"name": "Developer Team", "domain": "dev"}}, {"model": "tfoosball.team", "pk": 5, "fields": {"name": "Unknown Team", "domain": "unk"}}, {"model": "tfoosball.match", "pk": 1, "fields": {"red_att": 8, "red_def": 9, "blue_att": 10, "blue_def": 11, "date": "2017-02-14T22:08:41.208Z", "red_score": 10, "blue_score": 2, "points": 23, "status": 20}}, {"model": "tfoosball.match", "pk": 2, "fields": {"red_att": 18, "red_def": 17, "blue_att": 16, "blue_def": 15, "date": "2017-02-14T22:09:10.631Z", "red_score": 2, "blue_score": 10, "points": -23, "status": 20}}, {"model": "tfoosball.match", "pk": 3, "fields": {"red_att": 9, "red_def": 10, "blue_att": 11, "blue_def": 12, "date": "2017-02-18T21:08:04.530Z", "red_score": 8, "blue_score": 10, "points": -17, "status": 20}}, {"model": "tfoosball.match", "pk": 4, "fields": {"red_att": 9, "red_def": 12, "blue_att": 8, "blue_def": 11, "date": "2017-02-18T21:08:04.674Z", "red_score": 7, "blue_score": 10, "points": -17, "status": 20}}, {"model": "tfoosball.match", "pk": 5, "fields": {"red_att": 10, "red_def": 11, "blue_att": 12, "blue_def": 8, "date": "2017-02-18T21:08:04.833Z", "red_score": 2, "blue_score": 10, "points": -19, "status": 20}}, {"model": "tfoosball.match", "pk": 6, "fields": {"red_att": 11, "red_def": 8, "blue_att": 9, "blue_def": 12, "date": "2017-02-18T21:08:04.994Z", "red_score": 8, "blue_score": 10, "points": -18, "status": 20}}, {"model": "tfoosball.match", "pk": 7, "fields": {"red_att": 8, "red_def": 12, "blue_att": 11, "blue_def": 9, "date": "2017-02-18T21:08:05.199Z", "red_score": 8, "blue_score": 10, "points": -20, "status": 20}}, {"model": "tfoosball.match", "pk": 8, "fields": {"red_att": 11, "red_def": 9, "blue_att": 10, "blue_def": 8, "date": "2017-02-18T21:08:05.411Z", "red_score": 10, "blue_score": 7, "points": 14, "status": 20}}, {"model": "tfoosball.match", "pk": 9, "fields": {"red_att": 8, "red_def": 9, "blue_att": 12, "blue_def": 10, "date": "2017-02-18T21:08:05.590Z", "red_score": 7, "blue_score": 10, "points": -22, "status": 20}}, {"model": "tfoosball.match", "pk": 10, "fields": {"red_att": 10, "red_def": 11, "blue_att": 12, "blue_def": 8, "date": "2017-02-18T21:08:05.757Z", "red_score": 6, "blue_score": 10, "points": -15, "status": 20}}, {"model": "tfoosball.match", "pk": 11, "fields": {"red_att": 8, "red_def": 12, "blue_att": 11, "blue_def": 10, "date": "2017-02-18T21:08:05.909Z", "red_score": 9, "blue_score": 10, "points": -20, "status": 20}}, {"model": "tfoosball.match", "pk": 12, "fields": {"red_att": 12, "red_def": 9, "blue_att": 8, "blue_def": 10, "date": "2017-02-18T21:08:06.112Z", "red_score": 6, "blue_score": 10, "points": -24, "status": 20}}, {"model": "tfoosball.exphistory", "pk": 1, "fields": {"player": 8, "date": "2017-02-14", "match": 1, "exp": 1023}}, {"model": "tfoosball.exphistory", "pk": 2, "fields": {"player": 9, "date": "2017-02-14", "match": 1, "exp": 1023}}, {"model": "tfoosball.exphistory", "pk": 3, "fields": {"player": 11, "date": "2017-02-14", "match": 1, "exp": 977}}, {"model": "tfoosball.exphistory", "pk": 4, "fields": {"player": 10, "date": "2017-02-14", "match": 1, "exp": 977}}, {"model": "tfoosball.exphistory", "pk": 5, "fields": {"player": 18, "date": "2017-02-14", "match": 2, "exp": 977}}, {"model": "tfoosball.exphistory", "pk": 6, "fields": {"player": 17, "date": "2017-02-14", "match": 2, "exp": 977}}, {"model": "tfoosball.exphistory", "pk": 7, "fields": {"player": 15, "date": "2017-02-14", "match": 2, "exp": 1023}}, {"model": "tfoosball.exphistory", "pk": 8, "fields": {"player": 16, "date": "2017-02-14", "match": 2, "exp": 1023}}, {"model": "tfoosball.exphistory", "pk": 9, "fields": {"player": 9, "date": "2017-02-18", "match": 3, "exp": 1006}}, {"model": "tfoosball.exphistory", "pk": 10, "fields": {"player": 10, "date": "2017-02-18", "match": 3, "exp": 960}}, {"model": "tfoosball.exphistory", "pk": 11, "fields": {"player": 12, "date": "2017-02-18", "match": 3, "exp": 1017}}, {"model": "tfoosball.exphistory", "pk": 12, "fields": {"player": 11, "date": "2017-02-18", "match": 3, "exp": 994}}, {"model": "tfoosball.exphistory", "pk": 13, "fields": {"player": 9, "date": "2017-02-18", "match": 4, "exp": 989}}, {"model": "tfoosball.exphistory", "pk": 14, "fields": {"player": 12, "date": "2017-02-18", "match": 4, "exp": 1000}}, {"model": "tfoosball.exphistory", "pk": 15, "fields": {"player": 11, "date": "2017-02-18", "match": 4, "exp": 1011}}, {"model": "tfoosball.exphistory", "pk": 16, "fields": {"player": 8, "date": "2017-02-18", "match": 4, "exp": 1040}}, {"model": "tfoosball.exphistory", "pk": 17, "fields": {"player": 10, "date": "2017-02-18", "match": 5, "exp": 941}}, {"model": "tfoosball.exphistory", "pk": 18, "fields": {"player": 11, "date": "2017-02-18", "match": 5, "exp": 992}}, {"model": "tfoosball.exphistory", "pk": 19, "fields": {"player": 8, "date": "2017-02-18", "match": 5, "exp": 1059}}, {"model": "tfoosball.exphistory", "pk": 20, "fields": {"player": 12, "date": "2017-02-18", "match": 5, "exp": 1019}}, {"model": "tfoosball.exphistory", "pk": 21, "fields": {"player": 11, "date": "2017-02-18", "match": 6, "exp": 974}}, {"model": "tfoosball.exphistory", "pk": 22, "fields": {"player": 8, "date": "2017-02-18", "match": 6, "exp": 1041}}, {"model": "tfoosball.exphistory", "pk": 23, "fields": {"player": 12, "date": "2017-02-18", "match": 6, "exp": 1037}}, {"model": "tfoosball.exphistory", "pk": 24, "fields": {"player": 9, "date": "2017-02-18", "match": 6, "exp": 1007}}, {"model": "tfoosball.exphistory", "pk": 25, "fields": {"player": 8, "date": "2017-02-18", "match": 7, "exp": 1021}}, {"model": "tfoosball.exphistory", "pk": 26, "fields": {"player": 12, "date": "2017-02-18", "match": 7, "exp": 1017}}, {"model": "tfoosball.exphistory", "pk": 27, "fields": {"player": 9, "date": "2017-02-18", "match": 7, "exp": 1027}}, {"model": "tfoosball.exphistory", "pk": 28, "fields": {"player": 11, "date": "2017-02-18", "match": 7, "exp": 994}}, {"model": "tfoosball.exphistory", "pk": 29, "fields": {"player": 11, "date": "2017-02-18", "match": 8, "exp": 1008}}, {"model": "tfoosball.exphistory", "pk": 30, "fields": {"player": 9, "date": "2017-02-18", "match": 8, "exp": 1041}}, {"model": "tfoosball.exphistory", "pk": 31, "fields": {"player": 8, "date": "2017-02-18", "match": 8, "exp": 1007}}, {"model": "tfoosball.exphistory", "pk": 32, "fields": {"player": 10, "date": "2017-02-18", "match": 8, "exp": 927}}, {"model": "tfoosball.exphistory", "pk": 33, "fields": {"player": 8, "date": "2017-02-18", "match": 9, "exp": 985}}, {"model": "tfoosball.exphistory", "pk": 34, "fields": {"player": 9, "date": "2017-02-18", "match": 9, "exp": 1019}}, {"model": "tfoosball.exphistory", "pk": 35, "fields": {"player": 10, "date": "2017-02-18", "match": 9, "exp": 949}}, {"model": "tfoosball.exphistory", "pk": 36, "fields": {"player": 12, "date": "2017-02-18", "match": 9, "exp": 1039}}, {"model": "tfoosball.exphistory", "pk": 37, "fields": {"player": 10, "date": "2017-02-18", "match": 10, "exp": 934}}, {"model": "tfoosball.exphistory", "pk": 38, "fields": {"player": 11, "date": "2017-02-18", "match": 10, "exp": 993}}, {"model": "tfoosball.exphistory", "pk": 39, "fields": {"player": 8, "date": "2017-02-18", "match": 10, "exp": 1000}}, {"model": "tfoosball.exphistory", "pk": 40, "fields": {"player": 12, "date": "2017-02-18", "match": 10, "exp": 1054}}, {"model": "tfoosball.exphistory", "pk": 41, "fields": {"player": 8, "date": "2017-02-18", "match": 11, "exp": 980}}, {"model": "tfoosball.exphistory", "pk": 42, "fields": {"player": 12, "date": "2017-02-18", "match": 11, "exp": 1034}}, {"model": "tfoosball.exphistory", "pk": 43, "fields": {"player": 10, "date": "2017-02-18", "match": 11, "exp": 954}}, {"model": "tfoosball.exphistory", "pk": 44, "fields": {"player": 11, "date": "2017-02-18", "match": 11, "exp": 1013}}, {"model": "tfoosball.exphistory", "pk": 45, "fields": {"player": 12, "date": "2017-02-18", "match": 12, "exp": 1010}}, {"model": "tfoosball.exphistory", "pk": 46, "fields": {"player": 9, "date": "2017-02-18", "match": 12, "exp": 995}}, {"model": "tfoosball.exphistory", "pk": 47, "fields": {"player": 10, "date": "2017-02-18", "match": 12, "exp": 978}}, {"model": "tfoosball.exphistory", "pk": 48, "fields": {"player": 8, "date": "2017-02-18", "match": 12, "exp": 1004}}, {"model": "socialaccount.socialapp", "pk": 1, "fields": {"provider": "google", "name": "Google OAuth2 Development", "client_id": "907377379670-suvgso3siks409qfqgmqvfk2c18g4buh.apps.googleusercontent.com", "secret": "WY57yTlkmxv0tmwFgJMpRL95", "key": "", "sites": [1]}}, {"model": "auth.permission", "pk": 1, "fields": {"name": "Can add log entry", "content_type": 1, "codename": "add_logentry"}}, {"model": "auth.permission", "pk": 2, "fields": {"name": "Can change log entry", "content_type": 1, "codename": "change_logentry"}}, {"model": "auth.permission", "pk": 3, "fields": {"name": "Can delete log entry", "content_type": 1, "codename": "delete_logentry"}}, {"model": "auth.permission", "pk": 4, "fields": {"name": "Can add permission", "content_type": 2, "codename": "add_permission"}}, {"model": "auth.permission", "pk": 5, "fields": {"name": "Can change permission", "content_type": 2, "codename": "change_permission"}}, {"model": "auth.permission", "pk": 6, "fields": {"name": "Can delete permission", "content_type": 2, "codename": "delete_permission"}}, {"model": "auth.permission", "pk": 7, "fields": {"name": "Can add group", "content_type": 3, "codename": "add_group"}}, {"model": "auth.permission", "pk": 8, "fields": {"name": "Can change group", "content_type": 3, "codename": "change_group"}}, {"model": "auth.permission", "pk": 9, "fields": {"name": "Can delete group", "content_type": 3, "codename": "delete_group"}}, {"model": "auth.permission", "pk": 10, "fields": {"name": "Can add content type", "content_type": 4, "codename": "add_contenttype"}}, {"model": "auth.permission", "pk": 11, "fields": {"name": "Can change content type", "content_type": 4, "codename": "change_contenttype"}}, {"model": "auth.permission", "pk": 12, "fields": {"name": "Can delete content type", "content_type": 4, "codename": "delete_contenttype"}}, {"model": "auth.permission", "pk": 13, "fields": {"name": "Can add session", "content_type": 5, "codename": "add_session"}}, {"model": "auth.permission", "pk": 14, "fields": {"name": "Can change session", "content_type": 5, "codename": "change_session"}}, {"model": "auth.permission", "pk": 15, "fields": {"name": "Can delete session", "content_type": 5, "codename": "delete_session"}}, {"model": "auth.permission", "pk": 16, "fields": {"name": "Can add site", "content_type": 6, "codename": "add_site"}}, {"model": "auth.permission", "pk": 17, "fields": {"name": "Can change site", "content_type": 6, "codename": "change_site"}}, {"model": "auth.permission", "pk": 18, "fields": {"name": "Can delete site", "content_type": 6, "codename": "delete_site"}}, {"model": "auth.permission", "pk": 19, "fields": {"name": "Can add cors model", "content_type": 7, "codename": "add_corsmodel"}}, {"model": "auth.permission", "pk": 20, "fields": {"name": "Can change cors model", "content_type": 7, "codename": "change_corsmodel"}}, {"model": "auth.permission", "pk": 21, "fields": {"name": "Can delete cors model", "content_type": 7, "codename": "delete_corsmodel"}}, {"model": "auth.permission", "pk": 22, "fields": {"name": "Can add Token", "content_type": 8, "codename": "add_token"}}, {"model": "auth.permission", "pk": 23, "fields": {"name": "Can change Token", "content_type": 8, "codename": "change_token"}}, {"model": "auth.permission", "pk": 24, "fields": {"name": "Can delete Token", "content_type": 8, "codename": "delete_token"}}, {"model": "auth.permission", "pk": 25, "fields": {"name": "Can add exp history", "content_type": 9, "codename": "add_exphistory"}}, {"model": "auth.permission", "pk": 26, "fields": {"name": "Can change exp history", "content_type": 9, "codename": "change_exphistory"}}, {"model": "auth.permission", "pk": 27, "fields": {"name": "Can delete exp history", "content_type": 9, "codename": "delete_exphistory"}}, {"model": "auth.permission", "pk": 28, "fields": {"name": "Can add match", "content_type": 10, "codename": "add_match"}}, {"model": "auth.permission", "pk": 29, "fields": {"name": "Can change match", "content_type": 10, "codename": "change_match"}}, {"model": "auth.permission", "pk": 30, "fields": {"name": "Can delete match", "content_type": 10, "codename": "delete_match"}}, {"model": "auth.permission", "pk": 31, "fields": {"name": "Can add user", "content_type": 11, "codename": "add_player"}}, {"model": "auth.permission", "pk": 32, "fields": {"name": "Can change user", "content_type": 11, "codename": "change_player"}}, {"model": "auth.permission", "pk": 33, "fields": {"name": "Can delete user", "content_type": 11, "codename": "delete_player"}}, {"model": "auth.permission", "pk": 34, "fields": {"name": "Can add email confirmation", "content_type": 12, "codename": "add_emailconfirmation"}}, {"model": "auth.permission", "pk": 35, "fields": {"name": "Can change email confirmation", "content_type": 12, "codename": "change_emailconfirmation"}}, {"model": "auth.permission", "pk": 36, "fields": {"name": "Can delete email confirmation", "content_type": 12, "codename": "delete_emailconfirmation"}}, {"model": "auth.permission", "pk": 37, "fields": {"name": "Can add email address", "content_type": 13, "codename": "add_emailaddress"}}, {"model": "auth.permission", "pk": 38, "fields": {"name": "Can change email address", "content_type": 13, "codename": "change_emailaddress"}}, {"model": "auth.permission", "pk": 39, "fields": {"name": "Can delete email address", "content_type": 13, "codename": "delete_emailaddress"}}, {"model": "auth.permission", "pk": 40, "fields": {"name": "Can add social application token", "content_type": 14, "codename": "add_socialtoken"}}, {"model": "auth.permission", "pk": 41, "fields": {"name": "Can change social application token", "content_type": 14, "codename": "change_socialtoken"}}, {"model": "auth.permission", "pk": 42, "fields": {"name": "Can delete social application token", "content_type": 14, "codename": "delete_socialtoken"}}, {"model": "auth.permission", "pk": 43, "fields": {"name": "Can add social account", "content_type": 15, "codename": "add_socialaccount"}}, {"model": "auth.permission", "pk": 44, "fields": {"name": "Can change social account", "content_type": 15, "codename": "change_socialaccount"}}, {"model": "auth.permission", "pk": 45, "fields": {"name": "Can delete social account", "content_type": 15, "codename": "delete_socialaccount"}}, {"model": "auth.permission", "pk": 46, "fields": {"name": "Can add social application", "content_type": 16, "codename": "add_socialapp"}}, {"model": "auth.permission", "pk": 47, "fields": {"name": "Can change social application", "content_type": 16, "codename": "change_socialapp"}}, {"model": "auth.permission", "pk": 48, "fields": {"name": "Can delete social application", "content_type": 16, "codename": "delete_socialapp"}}, {"model": "auth.permission", "pk": 49, "fields": {"name": "Can add exp history", "content_type": 17, "codename": "add_exphistory"}}, {"model": "auth.permission", "pk": 50, "fields": {"name": "Can change exp history", "content_type": 17, "codename": "change_exphistory"}}, {"model": "auth.permission", "pk": 51, "fields": {"name": "Can delete exp history", "content_type": 17, "codename": "delete_exphistory"}}, {"model": "auth.permission", "pk": 52, "fields": {"name": "Can add member", "content_type": 18, "codename": "add_member"}}, {"model": "auth.permission", "pk": 53, "fields": {"name": "Can change member", "content_type": 18, "codename": "change_member"}}, {"model": "auth.permission", "pk": 54, "fields": {"name": "Can delete member", "content_type": 18, "codename": "delete_member"}}, {"model": "auth.permission", "pk": 55, "fields": {"name": "Can add exp history legacy", "content_type": 9, "codename": "add_exphistorylegacy"}}, {"model": "auth.permission", "pk": 56, "fields": {"name": "Can change exp history legacy", "content_type": 9, "codename": "change_exphistorylegacy"}}, {"model": "auth.permission", "pk": 57, "fields": {"name": "Can delete exp history legacy", "content_type": 9, "codename": "delete_exphistorylegacy"}}, {"model": "auth.permission", "pk": 58, "fields": {"name": "Can add match", "content_type": 19, "codename": "add_match"}}, {"model": "auth.permission", "pk": 59, "fields": {"name": "Can change match", "content_type": 19, "codename": "change_match"}}, {"model": "auth.permission", "pk": 60, "fields": {"name": "Can delete match", "content_type": 19, "codename": "delete_match"}}, {"model": "auth.permission", "pk": 61, "fields": {"name": "Can add match legacy", "content_type": 10, "codename": "add_matchlegacy"}}, {"model": "auth.permission", "pk": 62, "fields": {"name": "Can change match legacy", "content_type": 10, "codename": "change_matchlegacy"}}, {"model": "auth.permission", "pk": 63, "fields": {"name": "Can delete match legacy", "content_type": 10, "codename": "delete_matchlegacy"}}, {"model": "auth.permission", "pk": 64, "fields": {"name": "Can add team", "content_type": 20, "codename": "add_team"}}, {"model": "auth.permission", "pk": 65, "fields": {"name": "Can change team", "content_type": 20, "codename": "change_team"}}, {"model": "auth.permission", "pk": 66, "fields": {"name": "Can delete team", "content_type": 20, "codename": "delete_team"}}, {"model": "tfoosball.player", "pk": 1, "fields": {"password": "pbkdf2_sha256$30000$YffNX5gXYeUq$MXg2WLHcnp1eAohn0E+cZ74zADFFwOPd+2gwz++AQ4I=", "last_login": "2017-02-14T21:23:48.667Z", "is_superuser": true, "username": "admin", "first_name": "", "last_name": "", "email": "", "is_staff": true, "is_active": true, "date_joined": "2016-12-11T18:35:50.350Z", "exp": 1000, "offence_won": 0, "defence_won": 0, "played": 0, "win_streak": 0, "curr_win_streak": 0, "lose_streak": 0, "curr_lose_streak": 0, "lowest_exp": 1000, "highest_exp": 1000, "hidden": false, "groups": [], "user_permissions": []}}, {"model": "tfoosball.player", "pk": 2, "fields": {"password": "pbkdf2_sha256$30000$owsxjW50qbKy$fsp7IKELEs+4pzR/2QaRlt/a7AgOmJc1tDdN4sMB004=", "last_login": null, "is_superuser": false, "username": "blewis0", "first_name": "Beverly", "last_name": "Lewis", "email": "blewis0@feedburner.com", "is_staff": false, "is_active": true, "date_joined": "2017-02-14T21:47:49.815Z", "exp": 1000, "offence_won": 0, "defence_won": 0, "played": 0, "win_streak": 0, "curr_win_streak": 0, "lose_streak": 0, "curr_lose_streak": 0, "lowest_exp": 1000, "highest_exp": 1000, "hidden": false, "groups": [], "user_permissions": []}}, {"model": "tfoosball.player", "pk": 3, "fields": {"password": "pbkdf2_sha256$30000$fOTF1Xdm6B98$HbPd3NESzyFrp8S/Bhkg/p8no9jplfybDydjpT5BiGY=", "last_login": null, "is_superuser": false, "username": "phawkins1", "first_name": "Philip", "last_name": "Hawkins", "email": "phawkins1@hud.gov", "is_staff": false, "is_active": true, "date_joined": "2017-02-14T21:47:49.880Z", "exp": 1000, "offence_won": 0, "defence_won": 0, "played": 0, "win_streak": 0, "curr_win_streak": 0, "lose_streak": 0, "curr_lose_streak": 0, "lowest_exp": 1000, "highest_exp": 1000, "hidden": false, "groups": [], "user_permissions": []}}, {"model": "tfoosball.player", "pk": 4, "fields": {"password": "pbkdf2_sha256$30000$hGEAmwwEOuUj$WNhepwxCWMXHbkLJ+cta9IKIqkW528VHz48SXY+Hedc=", "last_login": null, "is_superuser": false, "username": "greed2", "first_name": "George", "last_name": "Reed", "email": "greed2@i2i.jp", "is_staff": false, "is_active": true, "date_joined": "2017-02-14T21:47:49.943Z", "exp": 1000, "offence_won": 0, "defence_won": 0, "played": 0, "win_streak": 0, "curr_win_streak": 0, "lose_streak": 0, "curr_lose_streak": 0, "lowest_exp": 1000, "highest_exp": 1000, "hidden": false, "groups": [], "user_permissions": []}}, {"model": "tfoosball.player", "pk": 5, "fields": {"password": "pbkdf2_sha256$30000$UupVlb5cgpTV$SeLozSxkmfWbeWzCEiy8kDIQBEPHUFAbwELSi97TG5s=", "last_login": null, "is_superuser": false, "username": "rlittle3", "first_name": "Ruby", "last_name": "Little", "email": "rlittle3@stanford.edu", "is_staff": false, "is_active": true, "date_joined": "2017-02-14T21:47:50.012Z", "exp": 1000, "offence_won": 0, "defence_won": 0, "played": 0, "win_streak": 0, "curr_win_streak": 0, "lose_streak": 0, "curr_lose_streak": 0, "lowest_exp": 1000, "highest_exp": 1000, "hidden": false, "groups": [], "user_permissions": []}}, {"model": "tfoosball.player", "pk": 6, "fields": {"password": "pbkdf2_sha256$30000$sfSMVIbJVsSZ$/WjQLY5agJT6etvT0dhDTuWBEjf6BXpm8gaNcou5Ke8=", "last_login": null, "is_superuser": false, "username": "achapman4", "first_name": "Amanda", "last_name": "Chapman", "email": "achapman4@clickbank.net", "is_staff": false, "is_active": true, "date_joined": "2017-02-14T21:47:50.077Z", "exp": 1000, "offence_won": 0, "defence_won": 0, "played": 0, "win_streak": 0, "curr_win_streak": 0, "lose_streak": 0, "curr_lose_streak": 0, "lowest_exp": 1000, "highest_exp": 1000, "hidden": false, "groups": [], "user_permissions": []}}, {"model": "tfoosball.player", "pk": 7, "fields": {"password": "pbkdf2_sha256$30000$i70Z2sbUCS9I$egsAje9nhc3k6e8dXDPEO18LxPwaAn6IanxfYJNp28k=", "last_login": null, "is_superuser": false, "username": "skim5", "first_name": "Steven", "last_name": "Kim", "email": "skim5@accuweather.com", "is_staff": false, "is_active": true, "date_joined": "2017-02-14T21:47:50.143Z", "exp": 1000, "offence_won": 0, "defence_won": 0, "played": 0, "win_streak": 0, "curr_win_streak": 0, "lose_streak": 0, "curr_lose_streak": 0, "lowest_exp": 1000, "highest_exp": 1000, "hidden": false, "groups": [], "user_permissions": []}}, {"model": "tfoosball.player", "pk": 8, "fields": {"password": "pbkdf2_sha256$30000$FOAc6IuJ4JsO$pZx7dJg4NiXatuw5ZOLPbzAAE3nNZu4d7n5tiixVMwM=", "last_login": null, "is_superuser": false, "username": "pflores6", "first_name": "Peter", "last_name": "Flores", "email": "pflores6@timesonline.co.uk", "is_staff": false, "is_active": true, "date_joined": "2017-02-14T21:47:50.218Z", "exp": 1000, "offence_won": 0, "defence_won": 0, "played": 0, "win_streak": 0, "curr_win_streak": 0, "lose_streak": 0, "curr_lose_streak": 0, "lowest_exp": 1000, "highest_exp": 1000, "hidden": false, "groups": [], "user_permissions": []}}, {"model": "tfoosball.player", "pk": 9, "fields": {"password": "pbkdf2_sha256$30000$k3AcQXBoaZuk$nRXBSkLvj7aV2yrla/KGOVBUGccgJe/WTnZDYLgOc+A=", "last_login": null, "is_superuser": false, "username": "lfields7", "first_name": "Linda", "last_name": "Fields", "email": "lfields7@globo.com", "is_staff": false, "is_active": true, "date_joined": "2017-02-14T21:47:50.279Z", "exp": 1000, "offence_won": 0, "defence_won": 0, "played": 0, "win_streak": 0, "curr_win_streak": 0, "lose_streak": 0, "curr_lose_streak": 0, "lowest_exp": 1000, "highest_exp": 1000, "hidden": false, "groups": [], "user_permissions": []}}, {"model": "tfoosball.player", "pk": 10, "fields": {"password": "pbkdf2_sha256$30000$Tx4QAlLFpGPS$sQmU3FYW7DDsIY4Y4R7FSjGGVRizmrAUsATVCQKHDE8=", "last_login": null, "is_superuser": false, "username": "kscott8", "first_name": "Kevin", "last_name": "Scott", "email": "kscott8@skyrock.com", "is_staff": false, "is_active": true, "date_joined": "2017-02-14T21:47:50.344Z", "exp": 1000, "offence_won": 0, "defence_won": 0, "played": 0, "win_streak": 0, "curr_win_streak": 0, "lose_streak": 0, "curr_lose_streak": 0, "lowest_exp": 1000, "highest_exp": 1000, "hidden": false, "groups": [], "user_permissions": []}}, {"model": "tfoosball.player", "pk": 11, "fields": {"password": "pbkdf2_sha256$30000$J5AGW1pzlOSq$D78AR5ehX+k2+2GMniRKlBe9YciYboR8tpjELKxt5ck=", "last_login": null, "is_superuser": false, "username": "bfisher9", "first_name": "Benjamin", "last_name": "Fisher", "email": "bfisher9@skype.com", "is_staff": false, "is_active": true, "date_joined": "2017-02-14T21:47:50.417Z", "exp": 1000, "offence_won": 0, "defence_won": 0, "played": 0, "win_streak": 0, "curr_win_streak": 0, "lose_streak": 0, "curr_lose_streak": 0, "lowest_exp": 1000, "highest_exp": 1000, "hidden": false, "groups": [], "user_permissions": []}}, {"model": "tfoosball.member", "pk": 8, "fields": {"team": 4, "player": 8, "username": "pflores6", "exp": 1004, "offence_won": 3, "defence_won": 2, "played": 10, "win_streak": 3, "curr_win_streak": 1, "lose_streak": 4, "curr_lose_streak": 0, "lowest_exp": 980, "highest_exp": 1059, "is_team_admin": false, "is_accepted": true}}, {"model": "tfoosball.member", "pk": 9, "fields": {"team": 4, "player": 9, "username": "lfields7", "exp": 995, "offence_won": 1, "defence_won": 3, "played": 8, "win_streak": 3, "curr_win_streak": 0, "lose_streak": 2, "curr_lose_streak": 2, "lowest_exp": 989, "highest_exp": 1041, "is_team_admin": false, "is_accepted": true}}, {"model": "tfoosball.member", "pk": 10, "fields": {"team": 4, "player": 10, "username": "kscott8", "exp": 978, "offence_won": 0, "defence_won": 3, "played": 8, "win_streak": 2, "curr_win_streak": 2, "lose_streak": 4, "curr_lose_streak": 0, "lowest_exp": 927, "highest_exp": 1000, "is_team_admin": false, "is_accepted": true}}, {"model": "tfoosball.member", "pk": 11, "fields": {"team": 4, "player": 11, "username": "bfisher9", "exp": 1013, "offence_won": 4, "defence_won": 1, "played": 9, "win_streak": 2, "curr_win_streak": 1, "lose_streak": 2, "curr_lose_streak": 0, "lowest_exp": 974, "highest_exp": 1013, "is_team_admin": false, "is_accepted": true}}, {"model": "tfoosball.member", "pk": 12, "fields": {"team": 4, "player": 1, "username": "Petrov", "exp": 1010, "offence_won": 3, "defence_won": 2, "played": 9, "win_streak": 2, "curr_win_streak": 0, "lose_streak": 2, "curr_lose_streak": 2, "lowest_exp": 1000, "highest_exp": 1054, "is_team_admin": true, "is_accepted": true}}, {"model": "tfoosball.member", "pk": 13, "fields": {"team": 5, "player": 2, "username": "blewis0", "exp": 1000, "offence_won": 0, "defence_won": 0, "played": 0, "win_streak": 0, "curr_win_streak": 0, "lose_streak": 0, "curr_lose_streak": 0, "lowest_exp": 1000, "highest_exp": 1000, "is_team_admin": false, "is_accepted": false}}, {"model": "tfoosball.member", "pk": 14, "fields": {"team": 5, "player": 3, "username": "phawkins1", "exp": 1000, "offence_won": 0, "defence_won": 0, "played": 0, "win_streak": 0, "curr_win_streak": 0, "lose_streak": 0, "curr_lose_streak": 0, "lowest_exp": 1000, "highest_exp": 1000, "is_team_admin": false, "is_accepted": true}}, {"model": "tfoosball.member", "pk": 15, "fields": {"team": 5, "player": 4, "username": "greed2", "exp": 1023, "offence_won": 0, "defence_won": 1, "played": 1, "win_streak": 1, "curr_win_streak": 1, "lose_streak": 0, "curr_lose_streak": 0, "lowest_exp": 1000, "highest_exp": 1023, "is_team_admin": false, "is_accepted": true}}, {"model": "tfoosball.member", "pk": 16, "fields": {"team": 5, "player": 5, "username": "rlittle3", "exp": 1023, "offence_won": 1, "defence_won": 0, "played": 1, "win_streak": 1, "curr_win_streak": 1, "lose_streak": 0, "curr_lose_streak": 0, "lowest_exp": 1000, "highest_exp": 1023, "is_team_admin": false, "is_accepted": true}}, {"model": "tfoosball.member", "pk": 17, "fields": {"team": 5, "player": 6, "username": "achapman4", "exp": 977, "offence_won": 0, "defence_won": 0, "played": 1, "win_streak": 0, "curr_win_streak": 0, "lose_streak": 1, "curr_lose_streak": 1, "lowest_exp": 977, "highest_exp": 1000, "is_team_admin": false, "is_accepted": true}}, {"model": "tfoosball.member", "pk": 18, "fields": {"team": 5, "player": 7, "username": "skim5", "exp": 977, "offence_won": 0, "defence_won": 0, "played": 1, "win_streak": 0, "curr_win_streak": 0, "lose_streak": 1, "curr_lose_streak": 1, "lowest_exp": 977, "highest_exp": 1000, "is_team_admin": false, "is_accepted": true}}, {"model": "tfoosball.member", "pk": 19, "fields": {"team": 5, "player": 1, "username": "Petrov", "exp": 1000, "offence_won": 0, "defence_won": 0, "played": 0, "win_streak": 0, "curr_win_streak": 0, "lose_streak": 0, "curr_lose_streak": 0, "lowest_exp": 1000, "highest_exp": 1000, "is_team_admin": true, "is_accepted": true}}, {"model": "tfoosball.exphistorylegacy", "pk": 1, "fields": {"player": 1, "date": "2016-12-11", "match": null, "exp": 1000}}, {"model": "tfoosball.exphistorylegacy", "pk": 2, "fields": {"player": 1, "date": "2016-12-11", "match": null, "exp": 1000}}, {"model": "admin.logentry", "pk": 1, "fields": {"action_time": "2016-12-11T18:36:21.815Z", "user": 1, "content_type": 6, "object_id": "1", "object_repr": "http://localhost:8000/", "action_flag": 2, "change_message": "[{\"changed\": {\"fields\": [\"domain\", \"name\"]}}]"}}, {"model": "admin.logentry", "pk": 2, "fields": {"action_time": "2016-12-11T18:37:05.447Z", "user": 1, "content_type": 16, "object_id": "1", "object_repr": "Google OAuth2 Development", "action_flag": 1, "change_message": "[{\"added\": {}}]"}}, {"model": "admin.logentry", "pk": 3, "fields": {"action_time": "2017-02-14T21:24:27.681Z", "user": 1, "content_type": 20, "object_id": "1", "object_repr": "Developers", "action_flag": 3, "change_message": ""}}, {"model": "admin.logentry", "pk": 4, "fields": {"action_time": "2017-02-14T21:27:38.774Z", "user": 1, "content_type": 20, "object_id": "2", "object_repr": "Developers", "action_flag": 3, "change_message": ""}}, {"model": "admin.logentry", "pk": 5, "fields": {"action_time": "2017-02-14T21:35:16.169Z", "user": 1, "content_type": 18, "object_id": "1", "object_repr": "Petrov", "action_flag": 1, "change_message": "[{\"added\": {}}]"}}, {"model": "admin.logentry", "pk": 6, "fields": {"action_time": "2017-02-14T21:47:47.053Z", "user": 1, "content_type": 20, "object_id": "3", "object_repr": "Developers", "action_flag": 3, "change_message": ""}}, {"model": "admin.logentry", "pk": 7, "fields": {"action_time": "2017-02-14T21:48:17.687Z", "user": 1, "content_type": 18, "object_id": "12", "object_repr": "Petrov", "action_flag": 1, "change_message": "[{\"added\": {}}]"}}, {"model": "admin.logentry", "pk": 8, "fields": {"action_time": "2017-02-14T21:48:25.416Z", "user": 1, "content_type": 18, "object_id": "11", "object_repr": "bfisher9", "action_flag": 2, "change_message": "[{\"changed\": {\"fields\": [\"is_accepted\"]}}]"}}, {"model": "admin.logentry", "pk": 9, "fields": {"action_time": "2017-02-14T21:48:30.406Z", "user": 1, "content_type": 18, "object_id": "10", "object_repr": "kscott8", "action_flag": 2, "change_message": "[{\"changed\": {\"fields\": [\"is_accepted\"]}}]"}}, {"model": "admin.logentry", "pk": 10, "fields": {"action_time": "2017-02-14T21:48:35.275Z", "user": 1, "content_type": 18, "object_id": "9", "object_repr": "lfields7", "action_flag": 2, "change_message": "[{\"changed\": {\"fields\": [\"is_accepted\"]}}]"}}, {"model": "admin.logentry", "pk": 11, "fields": {"action_time": "2017-02-14T21:48:40.417Z", "user": 1, "content_type": 18, "object_id": "8", "object_repr": "pflores6", "action_flag": 2, "change_message": "[{\"changed\": {\"fields\": [\"is_accepted\"]}}]"}}, {"model": "admin.logentry", "pk": 12, "fields": {"action_time": "2017-02-14T21:48:55.038Z", "user": 1, "content_type": 18, "object_id": "7", "object_repr": "skim5", "action_flag": 2, "change_message": "[{\"changed\": {\"fields\": [\"is_accepted\"]}}]"}}, {"model": "admin.logentry", "pk": 13, "fields": {"action_time": "2017-02-14T21:53:08.488Z", "user": 1, "content_type": 18, "object_id": "7", "object_repr": "skim5", "action_flag": 3, "change_message": ""}}, {"model": "admin.logentry", "pk": 14, "fields": {"action_time": "2017-02-14T21:53:08.505Z", "user": 1, "content_type": 18, "object_id": "6", "object_repr": "achapman4", "action_flag": 3, "change_message": ""}}, {"model": "admin.logentry", "pk": 15, "fields": {"action_time": "2017-02-14T21:53:08.530Z", "user": 1, "content_type": 18, "object_id": "5", "object_repr": "rlittle3", "action_flag": 3, "change_message": ""}}, {"model": "admin.logentry", "pk": 16, "fields": {"action_time": "2017-02-14T21:53:08.546Z", "user": 1, "content_type": 18, "object_id": "4", "object_repr": "greed2", "action_flag": 3, "change_message": ""}}, {"model": "admin.logentry", "pk": 17, "fields": {"action_time": "2017-02-14T21:53:08.563Z", "user": 1, "content_type": 18, "object_id": "3", "object_repr": "phawkins1", "action_flag": 3, "change_message": ""}}, {"model": "admin.logentry", "pk": 18, "fields": {"action_time": "2017-02-14T21:53:08.579Z", "user": 1, "content_type": 18, "object_id": "2", "object_repr": "blewis0", "action_flag": 3, "change_message": ""}}, {"model": "admin.logentry", "pk": 19, "fields": {"action_time": "2017-02-14T21:54:01.665Z", "user": 1, "content_type": 20, "object_id": "5", "object_repr": "Unknown Team", "action_flag": 1, "change_message": "[{\"added\": {}}]"}}, {"model": "admin.logentry", "pk": 20, "fields": {"action_time": "2017-02-14T21:54:08.115Z", "user": 1, "content_type": 20, "object_id": "5", "object_repr": "Unknown Team", "action_flag": 2, "change_message": "[]"}}, {"model": "admin.logentry", "pk": 21, "fields": {"action_time": "2017-02-14T21:54:40.029Z", "user": 1, "content_type": 18, "object_id": "13", "object_repr": "blewis0", "action_flag": 1, "change_message": "[{\"added\": {}}]"}}, {"model": "admin.logentry", "pk": 22, "fields": {"action_time": "2017-02-14T21:54:54.259Z", "user": 1, "content_type": 18, "object_id": "14", "object_repr": "phawkins1", "action_flag": 1, "change_message": "[{\"added\": {}}]"}}, {"model": "admin.logentry", "pk": 23, "fields": {"action_time": "2017-02-14T21:55:04.813Z", "user": 1, "content_type": 18, "object_id": "15", "object_repr": "greed2", "action_flag": 1, "change_message": "[{\"added\": {}}]"}}, {"model": "admin.logentry", "pk": 24, "fields": {"action_time": "2017-02-14T21:55:16.421Z", "user": 1, "content_type": 18, "object_id": "16", "object_repr": "rlittle3", "action_flag": 1, "change_message": "[{\"added\": {}}]"}}, {"model": "admin.logentry", "pk": 25, "fields": {"action_time": "2017-02-14T21:55:27.179Z", "user": 1, "content_type": 18, "object_id": "17", "object_repr": "achapman4", "action_flag": 1, "change_message": "[{\"added\": {}}]"}}, {"model": "admin.logentry", "pk": 26, "fields": {"action_time": "2017-02-14T21:55:43.102Z", "user": 1, "content_type": 18, "object_id": "18", "object_repr": "skim5", "action_flag": 1, "change_message": "[{\"added\": {}}]"}}, {"model": "admin.logentry", "pk": 27, "fields": {"action_time": "2017-02-14T21:55:53.448Z", "user": 1, "content_type": 18, "object_id": "19", "object_repr": "Petrov", "action_flag": 1, "change_message": "[{\"added\": {}}]"}}, {"model": "admin.logentry", "pk": 28, "fields": {"action_time": "2017-02-14T22:08:41.211Z", "user": 1, "content_type": 19, "object_id": "1", "object_repr": "Match object", "action_flag": 1, "change_message": "[{\"added\": {}}]"}}, {"model": "admin.logentry", "pk": 29, "fields": {"action_time": "2017-02-14T22:09:10.634Z", "user": 1, "content_type": 19, "object_id": "2", "object_repr": "Match object", "action_flag": 1, "change_message": "[{\"added\": {}}]"}}]